Question,Answer
What is the stock market?,The stock market is where buyers and sellers trade shares of publicly listed companies.
How does the stock market work?,"Investors buy and sell stocks through exchanges, and prices are determined by supply and demand."
What is a stock?,"A stock represents ownership in a company, offering a share of ownership and potential profits."
How do I buy stocks?,"Open a brokerage account, deposit funds, research stocks, and place buy orders through the brokerage platform."
What is a bond?,"A bond is a debt security where an investor lends money to a government or corporation, receiving interest and principal repayment."
How do bonds work?,Bonds are debt securities where investors lend money to governments or corporations in exchange for periodic interest payments and the return of principal at maturity.
What is a mutual fund?,"A mutual fund pools money from multiple investors to invest in a diversified portfolio of stocks, bonds, or other securities, managed by professional fund managers."
How does investing in mutual funds differ from stocks?,"Mutual funds pool money to invest in diversified portfolios, while stocks involve direct ownership in individual companies."
What is a 401(k)?,"A 401(k) is an employer-sponsored retirement savings plan that allows employees to contribute a portion of their salary on a tax-deferred basis, often with employer matching."
How does a 401(k) work?,A 401(k) is an employer-sponsored retirement plan where employees can contribute a portion of their salary for tax-deferred growth.
What is compound interest?,Compound interest is interest calculated on the initial principal and accumulated interest from previous periods.
How can I start saving for retirement?,"Begin by contributing to retirement accounts like 401(k)s or IRAs, considering employer matches and diversifying investments."
What is a budget?,"A budget is a financial plan outlining income and expenses, helping manage money effectively."
How do I create a budget?,"List your income, categorize expenses, allocate funds, and track spending to create and stick to a budget."
What is the difference between a checking and savings account?,"Checking accounts are for everyday transactions, while savings accounts earn interest and are designed for saving money."
How does credit card interest work?,"Credit card interest is the cost of borrowing money on unpaid balances, accumulating if not paid in full by the due date."
What is a credit score?,"A credit score is a numerical representation of an individual's creditworthiness, assessing their credit history and financial behavior. Higher scores indicate lower credit risk."
How can I improve my credit score?,"Pay bills on time, reduce credit card balances, and avoid opening unnecessary credit accounts to improve your credit score."
What is the Federal Reserve?,"The Federal Reserve is the central banking system in the United States, responsible for monetary policy and economic stability."
How do interest rates impact the economy?,"Lower interest rates stimulate borrowing and spending, fueling economic growth, while higher rates can slow economic activity by increasing borrowing costs."
What is inflation?,"Inflation is the increase in the general price level of goods and services, reducing the purchasing power of currency over time."
How does inflation affect purchasing power?,"Inflation erodes the purchasing power of money over time, reducing the amount of goods and services one can buy with the same amount of currency."
What is the difference between traditional and Roth IRAs?,"Traditional IRAs offer tax-deductible contributions with taxed withdrawals, while Roth IRAs have after-tax contributions and tax-free withdrawals in retirement."
How can I diversify my investment portfolio?,"Spread investments across different asset classes (stocks, bonds, real estate) to reduce risk."
What is risk tolerance?,"Risk tolerance is the level of comfort with the possibility of investment losses, influencing investment choices."
How do I set financial goals?,"Set specific, measurable, achievable, relevant, and time-bound (SMART) financial goals aligned with your priorities and values."
What is the difference between a bull and bear market?,"A bull market is characterized by rising stock prices, while a bear market sees declining prices and pessimism."
How do I read a financial statement?,"Financial statements include income statements, balance sheets, and cash flow statements, providing insights into a company's financial health."
What is the role of a financial advisor?,"A financial advisor provides guidance on investment, financial planning, and wealth management based on individual goals, risk tolerance, and financial situation."
How can I protect myself from identity theft?,"Monitor accounts regularly, use strong passwords, and be cautious with personal information to prevent identity theft."
What is the purpose of insurance?,"Insurance provides financial protection against unexpected events, covering losses such as medical expenses, property damage, or liability."
How does homeowners insurance work?,"Homeowners insurance protects against losses or damages to a home and its contents, providing financial coverage in the event of covered perils."
What is the difference between a debit and credit card?,"Debit cards deduct funds directly from a bank account, while credit cards allow borrowing up to a credit limit."
How do I calculate net worth?,"Subtract liabilities from assets to calculate net worth, representing overall financial health."
What is a mortgage?,"A mortgage is a loan used to finance the purchase of a home, with the property serving as collateral."
How does the mortgage approval process work?,"Lenders assess creditworthiness, income, and debt to determine mortgage eligibility. Pre-approval involves a detailed financial evaluation."
How much should I save for an emergency fund?,Aim to save three to six months' worth of living expenses in an easily accessible account to cover unforeseen financial emergencies.
What is the difference between traditional and online banking?,"Traditional banking involves physical branches, while online banking is conducted through digital platforms, offering convenience and accessibility."
How does taxation work on investment gains?,"Investment gains may be subject to capital gains tax, varying based on factors like holding period and income."
What are blue-chip stocks?,"Blue-chip stocks are shares in large, well-established companies with a history of reliable performance and stability."
How does dollar-cost averaging work?,"Dollar-cost averaging involves regularly investing a fixed amount over time, buying more shares when prices are low and fewer when prices are high, reducing the impact of market volatility."
What is a bear market?,"A bear market is characterized by a 20% or more decline in stock prices, often accompanied by pessimism and prolonged selling."
How do I invest in real estate?,"Real estate investment options include purchasing physical properties, real estate investment trusts (REITs), or real estate crowdfunding platforms."
What is the rule of 72?,The rule of 72 estimates how long it takes for an investment to double by dividing 72 by the annual interest rate.
How can I avoid lifestyle inflation?,Resist increasing spending with income growth; prioritize saving and investing to maintain a consistent lifestyle.
What is a 529 plan?,"A 529 plan is a tax-advantaged savings plan for education expenses, often used for college savings."
How do I save for my child's education?,"Consider 529 plans, Coverdell ESAs, or other education-specific accounts for tax-advantaged savings towards your child's education."
What is the difference between a credit union and a bank?,"Credit unions are member-owned, nonprofit institutions that often offer better interest rates and customer service, while banks are for-profit entities with a broader range of services."
How do I avoid common investment mistakes?,"Diversify your investments, have a long-term perspective, and avoid emotional decision-making based on short-term market fluctuations."
What is the role of dividends in investing?,"Dividends are payments from companies to shareholders, providing income and potentially indicating financial health and stability."
How do I invest in index funds?,"Invest in index funds by purchasing shares that track a specific market index, providing broad market exposure with low fees."
What is the difference between a traditional and Roth 401(k)?,"Traditional 401(k) contributions are pre-tax, with taxed withdrawals, while Roth 401(k) contributions are after-tax, with tax-free withdrawals in retirement."
How does a recession impact personal finances?,"Recessions can lead to job losses, reduced income, and declines in investment values, impacting personal finances negatively."
What is a yield curve?,"The yield curve represents interest rates on bonds of different maturities, providing insights into economic conditions and expectations."
How do I choose a financial planner?,"Look for a certified and experienced financial planner with a fiduciary duty, ensuring they prioritize your best interests."
What is the difference between a savings bond and a corporate bond?,"Savings bonds are issued by the government, while corporate bonds are debt securities issued by companies, both paying periodic interest."
How does dollar-cost averaging work?,"Dollar-cost averaging involves regularly investing a fixed amount over time, buying more shares when prices are low and fewer when prices are high, reducing the impact of market volatility."
What is a budget surplus?,"A budget surplus occurs when income exceeds expenses, providing extra funds for savings or debt reduction."
How do I build credit history?,"Use credit responsibly by making on-time payments, maintaining low credit card balances, and having a mix of credit types."
What is a margin call?,A margin call occurs when a broker demands additional funds from an investor to cover potential losses in a margin account.
How do I calculate my debt-to-income ratio?,"Divide total monthly debt payments by gross monthly income to calculate the debt-to-income ratio, a measure of financial health."
What is the purpose of a will?,"A will outlines your wishes for the distribution of assets after death, ensuring your estate is handled according to your preferences."
How does Social Security work?,"Social Security is a government program providing financial support to eligible retirees, disabled individuals, and survivors."
What is the difference between a traditional and Roth 403(b)?,"Similar to IRAs, traditional 403(b)s offer tax-deductible contributions, while Roth 403(b)s have after-tax contributions and tax-free withdrawals in retirement."
How do I negotiate a salary?,"Research market rates, highlight skills and achievements, and confidently discuss salary expectations during job negotiations."
What is a credit freeze?,"A credit freeze restricts access to your credit report, preventing new accounts from being opened without your consent, enhancing security."
How do I invest in commodities?,"Invest in commodities through commodity-focused mutual funds, exchange-traded funds (ETFs), or commodity futures contracts."
What is the difference between a traditional and online brokerage?,"Traditional brokerages have physical offices, while online brokerages operate digitally, providing a platform for self-directed investing."
How does cryptocurrency work?,Cryptocurrency is digital or virtual currency that uses cryptography for security and operates on decentralized blockchain technology.
How can I avoid payday loans?,"Build an emergency fund, create a budget, and explore alternative borrowing options to avoid the high costs associated with payday loans."
What is the difference between a traditional and online financial advisor?,"Traditional financial advisors provide in-person services, while online financial advisors offer services digitally, often with lower fees."
How do I prioritize paying off debt?,"Use a strategy such as the debt snowball or avalanche method, prioritizing high-interest debts or those with emotional significance."
What is the purpose of a power of attorney?,A power of attorney grants someone the authority to make legal and financial decisions on your behalf if you are unable to do so.
How does the foreign exchange market work?,"The foreign exchange (forex) market involves trading currencies, where participants buy and sell currencies based on exchange rates."
What is the difference between a financial planner and a financial coach?,"A financial planner provides comprehensive financial planning services, while a financial coach focuses on guiding individuals to achieve specific financial goals."
How do I calculate return on investment (ROI)?,Divide the gain or loss from an investment by the initial cost and express the result as a percentage.
What is the role of the Securities and Exchange Commission (SEC)?,"The SEC regulates securities markets, protects investors, and ensures fair and transparent trading practices."
How does bankruptcy affect credit?,"Bankruptcy negatively impacts credit, resulting in a significant drop in credit score and a record that stays on the credit report for several years."
What is the difference between a financial goal and a financial objective?,"Financial goals are broad outcomes, while financial objectives are specific, measurable steps taken to achieve those goals."
How do I choose a credit card?,"Consider fees, interest rates, rewards, and your spending habits when choosing a credit card; select one that aligns with your financial goals."
What is the purpose of a trust?,"A trust is a legal arrangement that holds assets for the benefit of specific individuals or entities, providing control over the distribution of assets."
How does peer-to-peer lending work?,"Peer-to-peer lending connects borrowers with individual lenders through online platforms, facilitating loans without traditional financial institutions."
What is the difference between a traditional and Roth HSA?,"Traditional HSAs offer tax-deductible contributions with tax-free withdrawals for qualified medical expenses, while Roth HSAs have after-tax contributions and tax-free withdrawals in retirement."
How do I negotiate a car loan interest rate?,"Shop around for rates, improve credit score, and negotiate with lenders for a lower interest rate on a car loan."
What is the impact of economic indicators on personal finance?,"Economic indicators, such as unemployment rates and GDP growth, can influence job security, inflation, and interest rates, affecting personal finances."
How does economic policy affect the stock market?,"Economic policies, such as fiscal and monetary measures, can impact investor sentiment, corporate profits, and stock market performance."
What is the role of a notary public in financial documents?,"A notary public verifies the authenticity of signatures on financial documents, ensuring they are valid and legally binding."
How do I calculate my debt snowball?,"List debts from smallest to largest, allocate extra funds to the smallest debt, and continue until all debts are paid."
What is the difference between a grant and a scholarship?,"Grants are typically need-based financial aid, while scholarships may be merit-based, both providing assistance for education expenses."
How does dollar-cost averaging work in a bear market?,"Dollar-cost averaging involves regularly investing a fixed amount during a bear market, potentially reducing the average cost per share over time."
What is the difference between a traditional and online credit union?,"Traditional credit unions have physical branches, while online credit unions operate digitally, offering similar financial services."
How do I calculate my net take-home pay?,"Subtract taxes, deductions, and other withholdings from gross income to calculate net take-home pay."
What is the purpose of a living will?,"A living will outlines preferences for medical treatments and interventions in case of incapacity, providing guidance to healthcare providers."
How does the Consumer Price Index (CPI) impact personal finances?,"The CPI measures inflation and changes in the index can affect the purchasing power of money, influencing budgeting and financial planning."
What is the difference between a traditional and online insurance company?,"Traditional insurance companies have physical offices, while online insurance companies operate digitally, providing coverage and services online."
How do I negotiate medical bills?,"Negotiate with healthcare providers, ask for discounts, set up payment plans, and explore financial assistance options to manage and reduce medical bills."
What is the impact of interest rates on credit card debt?,"Higher interest rates on credit card debt result in increased finance charges, making it more expensive to carry a balance."
How does crowdfunding work?,"Crowdfunding involves raising small amounts of money from a large number of people, often through online platforms, to fund projects or ventures."
What is the difference between a traditional and online mortgage lender?,"Traditional mortgage lenders operate through physical branches, while online mortgage lenders provide digital platforms for the loan application process."
How do I calculate my debt-to-equity ratio?,"Divide total debt by shareholders' equity to calculate the debt-to-equity ratio, providing insights into a company's financial leverage."
